slug,ticker,title,url,publish_date,publish_time
abbvie,ABBV,AbbVie Reports Full-Year and Fourth-Quarter 2025 Financial Results,https://investors.abbvie.com/news-releases/news-release-details/abbvie-reports-full-year-and-fourth-quarter-2025-financial,2026-02-04,
apollo,APO,Apollo to Present at the BofA Securities Financial Services Conference,https://ir.apollo.com/news-events/press-releases/detail/602/apollo-to-present-at-the-bofa-securities-financial-services,2026-02-04,8:00am EST
bio-techne,TECH,Bio-Techne Declares Dividend,https://investors.bio-techne.com/press-releases/detail/523/bio-techne-declares-dividend,2026-02-04,
bio-techne,TECH,Bio-Techne Releases Second Quarter Fiscal 2026 Results,https://investors.bio-techne.com/press-releases/detail/524/bio-techne-releases-second-quarter-fiscal-2026-results,2026-02-04,
cdw,CDW,CDW Declares Quarterly Cash Dividend of $0.630 Per Share,https://investor.cdw.com/news/news-details/2026/CDW-Declares-Quarterly-Cash-Dividend-of-0-630-Per-Share/default.aspx,2026-02-04,
cdw,CDW,CDW Reports Fourth Quarter and Full Year 2025 Earnings,https://investor.cdw.com/news/news-details/2026/CDW-Reports-Fourth-Quarter-and-Full-Year-2025-Earnings/default.aspx,2026-02-04,
costco,COST,Costco Wholesale Corporation Reports January Sales Results,https://investor.costco.com/news/news-details/2026/Costco-Wholesale-Corporation-Reports-January-Sales-Results/default.aspx,2026-02-04,
ibm,IBM,IBM Opens Global RFP for AI-Driven Solutions Shaping the Future of Work and Education,https://newsroom.ibm.com/2026-02-04-ibm-opens-global-rfp-for-ai-driven-solutions-shaping-the-future-of-work-and-education,2026-02-04,
paramount,PSKY,"Paramount to Report Fourth Quarter and Full Year 2025 Financial Results on February 25, 2026",https://ir.paramount.com/news-releases/news-release-details/paramount-report-fourth-quarter-and-full-year-2025-financial,2026-02-04,
